1000575,T,N7
1000578,G,N7
1000586,G,N7
1000593,A,N7
1000602,G,N7
1000605,A,N7
1000616,T,N7
1000617,G,N7
1000629,A,N7
1000648,A,N7
1000662,T,N7
1000743,C,N7
1000777,G,N7
1000812,C,N7
1000818,T,N7
1000830,C,N7
1000851,A,N7
1000864,A,N7
1000872,C,N7
1000875,A,N7
1000878,T,N7
1000882,G,N7
1000888,C,N7
1000899,G,N7
1000908,T,N7
1000917,A,N7
1000929,T,N7
1000932,G,N7
1000935,A,N7
1000944,T,N7
1001687,T,N7
1001694,A,N7
1001696,G,N7
1001707,A,N7
1001708,A,N7
1001711,C,N7
1001714,C,N7
1001755,G,N7
1001760,A,N7
1001762,A,N7
1001772,A,N7
1001785,C,N7
1001792,G,N7
1001795,T,N7
1001798,T,N7
1001803,G,N7
1001804,T,N7
1001807,G,N7
1001810,G,N7
1001811,G,N7
1001812,T,N7
1001813,T,N7
1001819,C,N7
1001820,A,N7
1001821,G,N7
1001822,A,N7
1001829,G,N7
1001831,A,N7
1001834,T,N7
1001839,G,N7
1001870,G,N7
1001872,G,N7
1001873,G,N7
1001879,T,N7
1001885,G,N7
1001886,C,N7
1001888,T,N7
1001897,G,N7
1001912,T,N7
1001927,A,N7
1001935,A,N7
1001957,C,N7
1001963,A,N7
1115519,T,N7
1866600,C,N7
1871997,G,N7
1874709,G,N7
1882182,C,N7
1885235,T,N7
1885975,C,N7
1891427,C,N7
1896582,A,N7
2348155,G,N7
